Workbook

Sheet Resumen
A2: PROJECT | B2: #1 | C2: #2 | D2: #3 | E2: #4
A3: Title | B3: =+'P1'!B4 -> Project 1 | C3: =+'P2'!B4 -> Project 2 | D3: =+'P3'!B4 -> Project 3 | E3: =+'P4'!B4 -> Project 4
A4: Role | B4: =+'P1'!B5 -> Project Contributor | C4: =+'P2'!B5 -> Supervisor | D4: =+'P3'!B5 -> Project Leader | E4: =+'P4'!B5 -> Project Manager
A5: Industry | B5: =+'P1'!B6 -> Construction | C5: =+'P2'!B6 -> Engineering | D5: =+'P3'!B6 -> IT/Software | E5: =+'P4'!B6 -> Manufacturing
A6: Start | B6: =+'P1'!B7 -> 40544 | C6: =+'P2'!B7 -> 40179 | D6: =+'P3'!B7 -> 39814 | E6: =+'P4'!B7 -> 39448
A7: End | B7: =+'P1'!B8 -> 40909 | C7: =+'P2'!B8 -> 40544 | D7: =+'P3'!B8 -> 40179 | E7: =+'P4'!B8 -> 39814
A8: Dedicación | B8: =+'P1'!B11 -> 1 | C8: =+'P2'!B11 -> 0.8 | D8: =+'P3'!B11 -> 0.5 | E8: =+'P4'!B11 -> 0.2
A9: Días | B9: =+'P1'!B12 -> 365 | C9: =+'P2'!B12 -> 365 | D9: =+'P3'!B12 -> 365 | E9: =+'P4'!B12 -> 366
A10: Días háb. | B10: =+'P1'!B13 -> 256 | C10: =+'P2'!B13 -> 256 | D10: =+'P3'!B13 -> 256 | E10: =+'P4'!B13 -> 256
A11: Hours | B11: =+'P1'!B14 -> 2048 | C11: =+'P2'!B14 -> 1638 | D11: =+'P3'!B14 -> 1024 | E11: =+'P4'!B14 -> 410
A13: TOTAL HOURS | B13: =+SUM(B11:E11) -> 5120

Sheet P1
B1: "Cambiar celdas en verde" | E1: PROJECT ROLE | F1: PRIMARY INDUSTRY
E2: Project Contributor | F2: Aerospace
A3: PROJECT #1 | E3: Supervisor | F3: Automotive
A4: Title | B4: Project 1 | E4: Manager | F4: Business
A5: Role | B5: Project Contributor | E5: Project Leader | F5: Communications
A6: Industry | B6: Construction | E6: Project Manager | F6: Construction
A7: Start | B7: 40544 | E7: Educator | F7: Consulting
A8: End | B8: 40909 | E8: Consultant | F8: Education
A9: Name | B9: Juan Perez | E9: Administrator | F9: Engineering
E10: Other | F10: Finance
A11: Dedicación | B11: 1 | F11: Healthcare
A12: Días | B12: =+B8-B7 -> 365 | F12: Human Resources
A13: Días háb. | B13: =ROUND(70%*B12,0) -> 256 | F13: Information Technology
A14: Hours | B14: =+ROUND(B11*B13*8,0) -> 2048
B16: Example for summarize the project tasks that you led and directed on this project: | C16: Dedicación | D16: Total Hours
B17: INITIATING PROCESSES | C17: 0.05 | D17: =+C17*B14 -> 102.4
B18: Conduct project selection methods to evaluate the feasibility of new products or services and/or Identify key stakeholders and perform analysis to gain buy-in and requirements for the success of the project and/or Define the scope of the project based on the organization need to meet the customer project expectations and/or Develop the project charter and review it with hey stakeholders to confirm project scope, risks, issuess, assumptions and constraints as well as obtain project charter approval from the project sponsor and/or Identify and document high level risks, assumptions and constraints using historical data and expert judgment.
B19: PLANNING PROCESSES | C19: 0.2 | D19: =+C19*B14 -> 409.6
B20: Identify key project team members and define roles and responsibilities to create a project organization structure to develop a communcation plan and/or Create the work breakdown structure with the team to develop the cost, schedule, resource, quality and procurement plans and/or Identify project risks to define risk strategies and develop the risk management plan and/or Obtain project plan approval from the customer and conduct a kick off meeting wih all key stakeholders and/or Define and record detail project requirements, constraints and assumption with the stakeholders to establish the project deliverables and/or Develop the change management plan to define how changes will be handled to manage the triple constraints.
B21: EXECUTING PROCESSES | C21: 0.55 | D21: =+C21*B14 -> 1126.4
B22: Manage proactively the resource allocation by ensuring that appropiate resources and tools are assigned to the task according to the project plan and/or Execute the tasks defined in the project plan in order to achieve the project goals and/or Ensure a common understanding and set expectations through communication to align the stakeholders and team members and/or Improve team performance by building team cohesiveness, leading, mentoring, training, and motivating in order to facilitate cooperation, ensure project efficiency and boost morale and/or Implement a quality management plan to ensure that work is being performed according to required quality standards and/or Implement approved changes according to the Change Management Plan and/or Obtain project resources in accordance with a procurement plan and/or Implement the aproved actions and workarounds required to minimize the impact of project risks.
B23: MONITORING AND CONTROLLING PROCESSES | C23: 0.15 | D23: =+C23*B14 -> 307.2
B24: Measure project performance using appropriate tools and techniques and/or Verify and manage changes to the project scope, project schedule and project costs as defined in the change management plan and/or Monitor the status of all identified risks, identify any new risks, take corrective actions and update the risk response plan and/or Ensure the project deliverables conform to quality standards established in the project quality plan.
B25: CLOSING PROCESSES | C25: 0.05 | D25: =+C25*B14 -> 102.4
B26: Formalize and obtain final acceptance for the project and/or Identify, document and communicate lessons learned and/or Archive and retain project records, historical information and documents (e.g., project schedule, project plan, lessons learned, surveys, risk and issues logs, etc.) in order to retain organizational knowledge, comply with statutory requirements, and ensure availability of data for potential use in future projects and internal/external audits and/or Obtain financial, legal and administrative project closure (e.g., final payments, warranties, contract signoff) and/or Release all project resources and provide performance feedback and/or Create and distribute final project report and/or Measure customer satisfaction at the end of the project.
B27: TOTAL | C27: =+C17+C19+C21+C23+C25 -> 1 | D27: =+D17+D19+D21+D23+D25 -> 2048

Sheet P2
B1: "Cambiar celdas en verde" | E1: PROJECT ROLE | F1: PRIMARY INDUSTRY
E2: Project Contributor | F2: Aerospace
A3: PROJECT #2 | E3: Supervisor | F3: Automotive
A4: Title | B4: Project 2 | E4: Manager | F4: Business
A5: Role | B5: Supervisor | E5: Project Leader | F5: Communications
A6: Industry | B6: Engineering | E6: Project Manager | F6: Construction
A7: Start | B7: 40179 | E7: Educator | F7: Consulting
A8: End | B8: 40544 | E8: Consultant | F8: Education
A9: Name | B9: Juan Perez | E9: Administrator | F9: Engineering
E10: Other | F10: Finance
A11: Dedicación | B11: 0.8 | F11: Healthcare
A12: Días | B12: =+B8-B7 -> 365 | F12: Human Resources
A13: Días háb. | B13: =ROUND(70%*B12,0) -> 256 | F13: Information Technology
A14: Hours | B14: =+ROUND(B11*B13*8,0) -> 1638
B16: Example for summarize the project tasks that you led and directed on this project: | C16: Dedicación | D16: Total Hours
B17: INITIATING PROCESSES | C17: 0.05 | D17: =+C17*B14 -> 81.9
B18: Conduct project selection methods to evaluate the feasibility of new products or services and/or Identify key stakeholders and perform analysis to gain buy-in and requirements for the success of the project and/or Define the scope of the project based on the organization need to meet the customer project expectations and/or Develop the project charter and review it with hey stakeholders to confirm project scope, risks, issuess, assumptions and constraints as well as obtain project charter approval from the project sponsor and/or Identify and document high level risks, assumptions and constraints using historical data and expert judgment.
B19: PLANNING PROCESSES | C19: 0.2 | D19: =+C19*B14 -> 327.6
B20: Identify key project team members and define roles and responsibilities to create a project organization structure to develop a communcation plan and/or Create the work breakdown structure with the team to develop the cost, schedule, resource, quality and procurement plans and/or Identify project risks to define risk strategies and develop the risk management plan and/or Obtain project plan approval from the customer and conduct a kick off meeting wih all key stakeholders and/or Define and record detail project requirements, constraints and assumption with the stakeholders to establish the project deliverables and/or Develop the change management plan to define how changes will be handled to manage the triple constraints.
B21: EXECUTING PROCESSES | C21: 0.55 | D21: =+C21*B14 -> 900.9
B22: Manage proactively the resource allocation by ensuring that appropiate resources and tools are assigned to the task according to the project plan and/or Execute the tasks defined in the project plan in order to achieve the project goals and/or Ensure a common understanding and set expectations through communication to align the stakeholders and team members and/or Improve team performance by building team cohesiveness, leading, mentoring, training, and motivating in order to facilitate cooperation, ensure project efficiency and boost morale and/or Implement a quality management plan to ensure that work is being performed according to required quality standards and/or Implement approved changes according to the Change Management Plan and/or Obtain project resources in accordance with a procurement plan and/or Implement the aproved actions and workarounds required to minimize the impact of project risks.
B23: MONITORING AND CONTROLLING PROCESSES | C23: 0.15 | D23: =+C23*B14 -> 245.7
B24: Measure project performance using appropriate tools and techniques and/or Verify and manage changes to the project scope, project schedule and project costs as defined in the change management plan and/or Monitor the status of all identified risks, identify any new risks, take corrective actions and update the risk response plan and/or Ensure the project deliverables conform to quality standards established in the project quality plan.
B25: CLOSING PROCESSES | C25: 0.05 | D25: =+C25*B14 -> 81.9
B26: Formalize and obtain final acceptance for the project and/or Identify, document and communicate lessons learned and/or Archive and retain project records, historical information and documents (e.g., project schedule, project plan, lessons learned, surveys, risk and issues logs, etc.) in order to retain organizational knowledge, comply with statutory requirements, and ensure availability of data for potential use in future projects and internal/external audits and/or Obtain financial, legal and administrative project closure (e.g., final payments, warranties, contract signoff) and/or Release all project resources and provide performance feedback and/or Create and distribute final project report and/or Measure customer satisfaction at the end of the project.
B27: TOTAL | C27: =+C17+C19+C21+C23+C25 -> 1 | D27: =+D17+D19+D21+D23+D25 -> 1638

Sheet P3
B1: "Cambiar celdas en verde" | E1: PROJECT ROLE | F1: PRIMARY INDUSTRY
E2: Project Contributor | F2: Aerospace
A3: PROJECT #3 | E3: Supervisor | F3: Automotive
A4: Title | B4: Project 3 | E4: Manager | F4: Business
A5: Role | B5: Project Leader | E5: Project Leader | F5: Communications
A6: Industry | B6: IT/Software | E6: Project Manager | F6: Construction
A7: Start | B7: 39814 | E7: Educator | F7: Consulting
A8: End | B8: 40179 | E8: Consultant | F8: Education
A9: Name | B9: Juan Perez | E9: Administrator | F9: Engineering
E10: Other | F10: Finance
A11: Dedicación | B11: 0.5 | F11: Healthcare
A12: Días | B12: =+B8-B7 -> 365 | F12: Human Resources
A13: Días háb. | B13: =ROUND(70%*B12,0) -> 256 | F13: Information Technology
A14: Hours | B14: =+ROUND(B11*B13*8,0) -> 1024
B16: Example for summarize the project tasks that you led and directed on this project: | C16: Dedicación | D16: Total Hours
B17: INITIATING PROCESSES | C17: 0.05 | D17: =+C17*B14 -> 51.2
B18: Conduct project selection methods to evaluate the feasibility of new products or services and/or Identify key stakeholders and perform analysis to gain buy-in and requirements for the success of the project and/or Define the scope of the project based on the organization need to meet the customer project expectations and/or Develop the project charter and review it with hey stakeholders to confirm project scope, risks, issuess, assumptions and constraints as well as obtain project charter approval from the project sponsor and/or Identify and document high level risks, assumptions and constraints using historical data and expert judgment.
B19: PLANNING PROCESSES | C19: 0.2 | D19: =+C19*B14 -> 204.8
B20: Identify key project team members and define roles and responsibilities to create a project organization structure to develop a communcation plan and/or Create the work breakdown structure with the team to develop the cost, schedule, resource, quality and procurement plans and/or Identify project risks to define risk strategies and develop the risk management plan and/or Obtain project plan approval from the customer and conduct a kick off meeting wih all key stakeholders and/or Define and record detail project requirements, constraints and assumption with the stakeholders to establish the project deliverables and/or Develop the change management plan to define how changes will be handled to manage the triple constraints.
B21: EXECUTING PROCESSES | C21: 0.55 | D21: =+C21*B14 -> 563.2
B22: Manage proactively the resource allocation by ensuring that appropiate resources and tools are assigned to the task according to the project plan and/or Execute the tasks defined in the project plan in order to achieve the project goals and/or Ensure a common understanding and set expectations through communication to align the stakeholders and team members and/or Improve team performance by building team cohesiveness, leading, mentoring, training, and motivating in order to facilitate cooperation, ensure project efficiency and boost morale and/or Implement a quality management plan to ensure that work is being performed according to required quality standards and/or Implement approved changes according to the Change Management Plan and/or Obtain project resources in accordance with a procurement plan and/or Implement the aproved actions and workarounds required to minimize the impact of project risks.
B23: MONITORING AND CONTROLLING PROCESSES | C23: 0.15 | D23: =+C23*B14 -> 153.6
B24: Measure project performance using appropriate tools and techniques and/or Verify and manage changes to the project scope, project schedule and project costs as defined in the change management plan and/or Monitor the status of all identified risks, identify any new risks, take corrective actions and update the risk response plan and/or Ensure the project deliverables conform to quality standards established in the project quality plan.
B25: CLOSING PROCESSES | C25: 0.05 | D25: =+C25*B14 -> 51.2
B26: Formalize and obtain final acceptance for the project and/or Identify, document and communicate lessons learned and/or Archive and retain project records, historical information and documents (e.g., project schedule, project plan, lessons learned, surveys, risk and issues logs, etc.) in order to retain organizational knowledge, comply with statutory requirements, and ensure availability of data for potential use in future projects and internal/external audits and/or Obtain financial, legal and administrative project closure (e.g., final payments, warranties, contract signoff) and/or Release all project resources and provide performance feedback and/or Create and distribute final project report and/or Measure customer satisfaction at the end of the project.
B27: TOTAL | C27: =+C17+C19+C21+C23+C25 -> 1 | D27: =+D17+D19+D21+D23+D25 -> 1024

Sheet P4
B1: "Cambiar celdas en verde" | E1: PROJECT ROLE | F1: PRIMARY INDUSTRY
E2: Project Contributor | F2: Aerospace
A3: PROJECT #4 | E3: Supervisor | F3: Automotive
A4: Title | B4: Project 4 | E4: Manager | F4: Business
A5: Role | B5: Project Manager | E5: Project Leader | F5: Communications
A6: Industry | B6: Manufacturing | E6: Project Manager | F6: Construction
A7: Start | B7: 39448 | E7: Educator | F7: Consulting
A8: End | B8: 39814 | E8: Consultant | F8: Education
A9: Name | B9: Juan Perez | E9: Administrator | F9: Engineering
E10: Other | F10: Finance
A11: Dedicación | B11: 0.2 | F11: Healthcare
A12: Días | B12: =+B8-B7 -> 366 | F12: Human Resources
A13: Días háb. | B13: =ROUND(70%*B12,0) -> 256 | F13: Information Technology
A14: Hours | B14: =+ROUND(B11*B13*8,0) -> 410
B16: Example for summarize the project tasks that you led and directed on this project: | C16: Dedicación | D16: Total Hours
B17: INITIATING PROCESSES | C17: 0.05 | D17: =+C17*B14 -> 20.5
B18: Conduct project selection methods to evaluate the feasibility of new products or services and/or Identify key stakeholders and perform analysis to gain buy-in and requirements for the success of the project and/or Define the scope of the project based on the organization need to meet the customer project expectations and/or Develop the project charter and review it with hey stakeholders to confirm project scope, risks, issuess, assumptions and constraints as well as obtain project charter approval from the project sponsor and/or Identify and document high level risks, assumptions and constraints using historical data and expert judgment.
B19: PLANNING PROCESSES | C19: 0.2 | D19: =+C19*B14 -> 82
B20: Identify key project team members and define roles and responsibilities to create a project organization structure to develop a communcation plan and/or Create the work breakdown structure with the team to develop the cost, schedule, resource, quality and procurement plans and/or Identify project risks to define risk strategies and develop the risk management plan and/or Obtain project plan approval from the customer and conduct a kick off meeting wih all key stakeholders and/or Define and record detail project requirements, constraints and assumption with the stakeholders to establish the project deliverables and/or Develop the change management plan to define how changes will be handled to manage the triple constraints.
B21: EXECUTING PROCESSES | C21: 0.55 | D21: =+C21*B14 -> 225.5
B22: Example for summarize the project tasks that you led and directed on this project: Manage proactively the resource allocation by ensuring that appropiate resources and tools are assigned to the task according to the project plan and/or Execute the tasks defined in the project plan in order to achieve the project goals and/or Ensure a common understanding and set expectations through communication to align the stakeholders and team members and/or Improve team performance by building team cohesiveness, leading, mentoring, training, and motivating in order to facilitate cooperation, ensure project efficiency and boost morale and/or Implement a quality management plan to ensure that work is being performed according to required quality standards and/or Implement approved changes according to the Change Management Plan and/or Obtain project resources in accordance with a procurement plan and/or Implement the aproved actions and workarounds required to minimize the impact of project risks.
B23: MONITORING AND CONTROLLING PROCESSES | C23: 0.15 | D23: =+C23*B14 -> 61.5
B24: Measure project performance using appropriate tools and techniques and/or Verify and manage changes to the project scope, project schedule and project costs as defined in the change management plan and/or Monitor the status of all identified risks, identify any new risks, take corrective actions and update the risk response plan and/or Ensure the project deliverables conform to quality standards established in the project quality plan.
B25: CLOSING PROCESSES | C25: 0.05 | D25: =+C25*B14 -> 20.5
B26: Formalize and obtain final acceptance for the project and/or Identify, document and communicate lessons learned and/or Archive and retain project records, historical information and documents (e.g., project schedule, project plan, lessons learned, surveys, risk and issues logs, etc.) in order to retain organizational knowledge, comply with statutory requirements, and ensure availability of data for potential use in future projects and internal/external audits and/or Obtain financial, legal and administrative project closure (e.g., final payments, warranties, contract signoff) and/or Release all project resources and provide performance feedback and/or Create and distribute final project report and/or Measure customer satisfaction at the end of the project.
B27: TOTAL | C27: =+C17+C19+C21+C23+C25 -> 1 | D27: =+D17+D19+D21+D23+D25 -> 410
